PROTEIN	csat_conc	csat_conc_log10	AC	IDR_id	START	END	fr_ALA	fr_CYS	fr_ASP	fr_GLU	fr_PHE	fr_GLY	fr_HIS	fr_ILE	fr_LYS	fr_LEU	fr_MET	fr_ASN	fr_PRO	fr_GLN	fr_ARG	fr_SER	fr_THR	fr_VAL	fr_TRP	fr_TYR	fr_X	fc_ALA	fc_CYS	fc_ASP	fc_GLU	fc_PHE	fc_GLY	fc_HIS	fc_ILE	fc_LYS	fc_LEU	fc_MET	fc_ASN	fc_PRO	fc_GLN	fc_ARG	fc_SER	fc_THR	fc_VAL	fc_TRP	fc_TYR	fc_X	netcharge_residue	charge_asymetry	peptide_PI	mean_stickiness	mean_roseman	mean_aggrescan	IDR_frac	from_atar	IDR_len.log10	IDR_count.log10
Ddx4	752	2.876217840591642	Q9NQI0	Q9NQI0_1..236	1	236	2.553191489361702	1.702127659574468	7.659574468085106	7.659574468085106	5.957446808510639	18.72340425531915	0.851063829787234	1.276595744680851	3.404255319148936	2.127659574468085	2.127659574468085	8.51063829787234	3.829787234042553	0.851063829787234	10.212765957446807	14.042553191489363	3.404255319148936	1.702127659574468	1.276595744680851	2.127659574468085	0	0.34402052271916145	2.0593978851303127	1.485508777771697	0.882917050403233	4.237954865768963	2.1099359981539463	0.35607573572108303	0.7800069694433145	0.5656701097813298	0.3886438449575513	1.0631158675465997	2.780296318865144	0.3259364993130684	0.16018695304816813	1.5775380629610671	1.1085888622145237	0.5829972357098286	0.4951830604677533	2.3337931937335967	2.067576781064716	0	0.008510638297872353	0.05714285714285714	5.2226074778797	-0.018952765957446823	-1.0493191489361702	-0.44598297872340426	0.396	TRUE	2.3710678622717363	2.4578818967339924
DYRK3	2275	3.3569814009931314	O43781	O43781_1..188	1	188	3.7433155080213902	2.6737967914438503	4.81283422459893	5.88235294117647	3.2085561497326207	10.695187165775401	2.6737967914438503	3.7433155080213902	7.4866310160427805	5.88235294117647	2.13903743315508	5.88235294117647	10.16042780748663	5.347593582887701	4.27807486631016	7.4866310160427805	6.417112299465241	4.81283422459893	0	2.6737967914438503	0	0.5043794651274693	3.235016731321012	0.9334079218618953	0.6780572119109796	2.2824737817930627	1.2052381127033966	1.1186871376263972	2.2871862116475086	1.2440204954415606	1.0744859242944065	1.068800979137758	1.9216753968626732	0.864709726341563	1.0065222985646927	0.6608225397430495	0.5910318192652378	1.0989653774744097	1.4001499637557462	0	2.598291676739082	0	0.0374331550802139	1.0425531914893618	8.213590133575334	0.016398930481283415	-0.5945989304812834	-0.2399465240641711	0.184	TRUE	2.271841606536499	2.03342375548695
FUS	780	2.8920946026904804	P35637	P35637_1..214	1	214	1.8779342723004695	0	2.3474178403755865	0	0	24.88262910798122	0	0	0	0	0.4694835680751174	3.286384976525822	5.164319248826291	20.187793427230048	0.4694835680751174	23.943661971830984	4.694835680751173	0	0	12.676056338028168	0	0.25303543924570565	0	0.4552615581329536	0	0	2.8040175903763767	0	0	0	0	0.2345842524633342	1.0736120761814936	0.439512702516579	3.799739813501734	0.07251984444363278	1.8902315427003935	0.8040161407970055	0	0	12.318098287188379	0	0.018779342723004695	2.6666666666666665	3.5450162779540557	-0.008960563380281684	-0.5277464788732394	-0.4179389671361503	0.846	TRUE	2.3283796034387376	2.6483600109809315
hnRNPA1	271	2.432969290874406	P09651	P09651_186..372	186	372	2.2388059701492535	0	2.9850746268656714	0	8.955223880597014	38.059701492537314	0	0	1.4925373134328357	0	0.7462686567164178	10.44776119402985	2.2388059701492535	2.9850746268656714	7.462686567164178	16.417910447761194	0	0	0	5.970149253731343	0	0.30165978671269755	0	0.5789296231780245	0	6.370486525303026	4.28893876151205	0	0	0.2480083503705457	0	0.3728839236917178	3.4131249586068373	0.19053501825515193	0.561849760691336	1.1527408109323718	1.296111356320463	0	0	0	5.801558728957711	0	0.059701492537313425	4	10.607124437400477	0.0384820895522388	-0.5626865671641792	-0.36112686567164176	0.505	TRUE	2.1271047983648077	2.27415784926368
RBM-14	148	2.1702617153949575	Q96PK6	Q96PK6_350..669	350	669	24.6875	0	2.8125	0.9375	0.3125	7.187499999999999	0.9375	0	1.25	4.6875	1.875	2.5	6.25	9.0625	5.9375	15.937499999999998	3.4375000000000004	1.875	0	10.3125	0	3.3264276063964755	0	0.545460254338045	0.10806536814831237	0.22230343603922018	0.8099576754277045	0.39223967763025547	0	0.20770699343533203	0.8562309709221052	0.9368708582754409	0.8167120436666361	0.5319102592956325	1.7057407578488526	0.9171494076980683	1.2581853706099493	0.5886905680898075	0.5454750900465094	0	10.021286210723046	0	0.043750000000000004	5.157894736842105	9.7214735154287	0.0825890625	-0.362625	-0.187828125	0.324	TRUE	2.505149978319906	2.3364597338485296
TAF-15	306	2.48572142648158	Q92804	Q92804_1..216	1	216	0.9302325581395349	0	7.906976744186046	2.7906976744186047	0.9302325581395349	19.53488372093023	2.7906976744186047	0	1.3953488372093024	0	0.9302325581395349	5.116279069767442	2.3255813953488373	16.74418604651163	5.116279069767442	18.13953488372093	2.3255813953488373	0.46511627906976744	0	12.558139534883722	0	0.12534081060310534	0	1.5334903274413256	0.3216829563484647	0.6617404607679112	2.201381427249413	1.167597179922621	0	0.23185896941618458	0	0.46480414674130405	1.6714106940154412	0.1979200964820958	3.151585169273261	0.7902976536345656	1.4320249361798605	0.39826846044130737	0.13531165024409536	0	12.203511326377326	0	0.013953488372093023	0.20930232558139536	4.77477767595025	-0.05745627906976744	-0.9573023255813953	-0.5544697674418605	0.892	TRUE	2.3324384599156054	2.722633922533812
TDP-43	442	2.645422269349092	Q13148	Q13148_263..414	263	414	9.210526315789473	0	0.6578947368421052	1.3157894736842104	5.263157894736842	25	0.6578947368421052	1.3157894736842104	1.3157894736842104	2.631578947368421	6.578947368421052	13.815789473684212	2.631578947368421	7.894736842105263	3.289473684210526	15.789473684210526	0	0	1.9736842105263157	0.6578947368421052	0	1.2410389470899574	0	0.1275930419504199	0.15167069213798226	3.744057870134234	2.81724408844419	0.2752559141264951	0.803954551838504	0.21863894045824422	0.48069107139486605	3.287266169387512	4.513408662368253	0.2239622144402663	1.4859447618284014	0.5081160153451901	1.2464994383751822	0	0	3.6081671087328635	0.6393165046713266	0	0.03289473684210526	2.272727272727273	11.450539112295692	0.06435855263157894	-0.42809210526315783	-0.3192697368421053	0.331	TRUE	2.1818435879447726	2.1367205671564067
UBQ2	81	1.9084850188786497	Q9UHD9	Q9UHD9_450..624	450	624	10.16260162601626	0	1.2195121951219512	3.2520325203252036	2.8455284552845526	10.16260162601626	0	5.691056910569105	0	9.75609756097561	5.284552845528456	5.691056910569105	13.821138211382115	11.788617886178862	2.4390243902439024	7.317073170731707	6.504065040650407	3.6585365853658534	0	0.40650406504065045	0	1.369322880064413	0	0.23651393142029054	0.37486089764184244	2.0242264094628175	1.1452211741643048	0	3.4772668420982447	0	1.7820742159029181	2.640503231995823	1.8591818880216104	1.1762568335643255	2.2188497663074505	0.37674943576814107	0.5776460811982551	1.1138565072504858	1.0643416391151403	0	0.3950248321546409	0	0.02032520325203252	1.4705882352941178	4.16061344053195	0.14725447154471544	-0.028699186991869945	-0.05445934959349595	0.364	TRUE	2.3961993470957363	2.3560258571931225
HSPB8	423	2.6263403673750423	Q9UJY1	Q9UJY1_1..92	1	92	7.6923076923076925	1.098901098901099	9.89010989010989	1.098901098901099	6.593406593406594	8.791208791208792	1.098901098901099	0	0	8.791208791208792	3.296703296703297	0	17.582417582417584	1.098901098901099	10.989010989010989	9.89010989010989	5.4945054945054945	2.197802197802198	3.296703296703297	1.098901098901099	0	1.036472087679525	1.329556326938526	1.9181019932766419	0.12667002859875442	4.690358210937393	0.9906792398924624	0.4597681202992006	0	0	1.6058251176268055	1.6472454650996764	0	1.496362927249252	0.20683480201274457	1.6974425128015145	0.7807743734877514	0.9409639449986932	0.6393847209336375	6.026828577224125	1.0678693264839743	0	0.010989010989010992	0.047619047619047616	7.362467219933645	0.13855164835164832	-0.3786813186813187	-0.14902197802197803	0.423	TRUE	1.9590413923210936	1.919078092376074
Erα	2242	3.3506356082589543	P03372	P03372_79..174	79	174	6.25	0	2.083333333333333	5.208333333333334	4.166666666666666	12.5	2.083333333333333	0	1.0416666666666665	9.375	2.083333333333333	6.25	16.666666666666664	5.208333333333334	6.25	10.416666666666668	2.083333333333333	3.125	0	5.208333333333334	0	0.8421335712396141	0	0.4040446328429963	0.6003631563795132	2.9640458138562686	1.408622044222095	0.8716437280672344	0	0.17308916119611	1.7124619418442104	1.0409676203060454	2.04178010916659	1.4184273581216866	0.9803107803729039	0.9654204291558615	0.8223433794836271	0.35678216247867117	0.9091251500775158	0	5.0612556619813365	0	0.02083333333333333	0.25	7.6773406759188045	0.08392291666666667	-0.26531250000000006	-0.19313541666666667	0.18	TRUE	1.9822712330395684	2.0293837776852097
Ddx3	NA	NA	O00571	O00571_1..168	1	168	3.592814371257485	0.5988023952095809	11.976047904191617	4.790419161676647	5.9880239520958085	13.77245508982036	1.1976047904191618	2.3952095808383236	5.9880239520958085	4.790419161676647	0	4.191616766467066	3.592814371257485	2.3952095808383236	8.982035928143713	17.365269461077844	1.7964071856287425	1.7964071856287425	1.7964071856287425	2.9940119760479043	0	0.4841007355628919	0.7244887769545262	2.322651781612434	0.5521903043107379	4.259706558835356	1.55201470740638	0.5010646580506258	1.4634861302928457	0.99500356136686	0.8750304533176005	0	1.3693375582434617	0.305768771810663	0.4508255564828684	1.387430556870699	1.3709005799295917	0.30764449938280625	0.5226108647152187	3.2840802426790137	2.9094643326359777	0	0.0059880239520958	0.01818181818181818	5.348206932873015	-0.0235431137724551	-1.0450898203592816	-0.39160479041916174	0.332	TRUE	2.2227164711475833	2.342422680822206
Nephrin	NA	NA	O60500	O60500_1077..1241	1077	1241	4.242424242424243	0.6060606060606061	8.484848484848486	12.727272727272727	2.4242424242424243	8.484848484848486	1.8181818181818181	1.2121212121212122	0.6060606060606061	7.878787878787878	1.2121212121212122	1.2121212121212122	7.878787878787878	4.848484848484849	7.878787878787878	7.878787878787878	6.666666666666667	5.454545454545454	3.0303030303030303	5.454545454545454	0	0.5716300604777986	0.7332704590994295	1.6455635955787489	1.467069240316483	1.7245357462436472	0.9561555694113614	0.76070725358595	0.7406126780572885	0.10070642105955492	1.4391599349640232	0.6056538881780629	0.3959815969292781	0.6705292965666154	0.9125802173653214	1.2170148440267827	0.6219906288457979	1.1417029199317477	1.5868366255898456	5.5398121265393465	5.300515020547726	0	0.1090909090909091	6.230769230769231	4.00864656851077	0.038102424242424236	-0.7400000000000001	-0.2704666666666667	0.116	TRUE	2.2174839442139063	2.1583624920952498
Cyclin T1	NA	NA	O60563	O60563_462..654	462	654	5.729166666666666	0.5208333333333333	3.6458333333333335	3.6458333333333335	2.604166666666667	7.291666666666667	10.9375	2.083333333333333	10.416666666666668	3.6458333333333335	1.5625	4.166666666666666	7.291666666666667	2.604166666666667	3.6458333333333335	18.229166666666664	7.8125	3.6458333333333335	0	0.5208333333333333	0	0.7719557736363128	0.6301543007885722	0.7070781074752436	0.4202542094656592	1.852528633660168	0.8216961924628887	4.576129572352981	1.2729280404109646	1.7308916119611002	0.6659574218283041	0.7807257152295342	1.3611867394443935	0.6205619691782379	0.49015539018645193	0.5631619170075859	1.4391009140963473	1.3379331092950169	1.0606460084237685	0	0.5061255661981336	0	0.17708333333333331	18.64516129032258	10.803405344423272	-0.04042760416666668	-0.8358854166666667	-0.37587499999999996	0.481	TRUE	2.2833012287035497	2.5428254269591797
NPM1	NA	NA	P06748	P06748_1..294	1	294	6.484641638225256	1.023890784982935	11.604095563139932	10.580204778156997	2.3890784982935154	6.143344709897611	1.7064846416382253	3.4129692832764507	11.262798634812286	6.484641638225256	2.3890784982935154	3.0716723549488054	5.802047781569966	4.436860068259386	2.7303754266211606	8.873720136518772	3.4129692832764507	6.143344709897611	0.6825938566552902	1.3651877133105803	0	0.8737495073612377	1.238801628853985	2.25051481501628	1.219577306065141	1.6995211492418199	0.6922920626893572	0.7139743847649702	2.085342864837075	1.8714896336835376	1.1845015479422978	1.193737612364612	1.003468722593819	0.4937869983904848	0.8351043371367809	0.421753634580035	0.7005355205430489	0.5844895494531132	1.7872221380363449	1.247875769118078	1.3266362963828213	0	0.06484641638225255	3.2522522522522523	4.387468991620654	-0.10888532423208193	-0.9841979522184301	-0.35716382252559725	0.514	TRUE	2.4668676203541096	2.1789769472931693
Synapsin-1	NA	NA	P17600	P17600_421..705	421	705	11.228070175438596	0	1.4035087719298245	1.0526315789473684	1.0526315789473684	12.280701754385964	1.0526315789473684	0.3508771929824561	2.456140350877193	4.912280701754386	0	1.0526315789473684	25.6140350877193	14.736842105263156	7.368421052631578	9.12280701754386	4.56140350877193	1.7543859649122806	0	0	0	1.5128855735953768	0	0.2721984894942291	0.12133655371038582	0.7488115740268468	1.3839093767796018	0.44040946260239217	0.21438788049026772	0.40812602218872257	0.8972899999370834	0	0.3438787552280573	2.179898887218592	2.7737635554130162	1.1381798743732259	0.7201996755056609	0.7811651557427748	0.5103860491663246	0	0	0	0.08421052631578949	15.157894736842104	12.718193096943558	-0.0908224561403509	-0.3804912280701755	-0.42961403508771934	0.533	TRUE	2.45484486000851	2.575187844927661
GATA3	NA	NA	P23771	P23771_105..260	105	260	5.128205128205128	1.282051282051282	2.564102564102564	2.564102564102564	3.205128205128205	9.615384615384617	5.769230769230769	1.282051282051282	4.487179487179487	7.6923076923076925	1.282051282051282	0.641025641025641	15.384615384615385	1.282051282051282	2.564102564102564	21.794871794871796	7.051282051282051	2.564102564102564	0.641025641025641	3.205128205128205	0	0.69098139178635	1.5511490480949468	0.49728570196061084	0.2955634000637603	2.280035241427899	1.0835554186323808	2.413782631570803	0.7833403325605935	0.7456148482293969	1.4050969779234548	0.6405954586498741	0.20941334452990668	1.3093175613430954	0.24130726901486863	0.3960699196536867	1.7205953786118968	1.2075703960816562	0.7459488410892438	1.1718833344602464	3.1146188689115912	0	0.07692307692307691	5.142857142857143	9.12866389876783	0.10255705128205127	-0.28647435897435897	-0.13073076923076923	0.582	TRUE	2.2068258760318495	2.41161970596323
HP1α	NA	NA	P45973	P45973_1..177	1	177	5.113636363636364	1.7045454545454544	6.8181818181818175	13.636363636363635	3.4090909090909087	4.545454545454546	1.1363636363636365	3.977272727272727	14.772727272727273	6.25	2.272727272727273	5.113636363636364	2.840909090909091	1.7045454545454544	5.113636363636364	7.954545454545454	3.4090909090909087	5.113636363636364	2.272727272727273	2.840909090909091	0	0.6890183764687752	2.062323166217145	1.3223278893043515	1.571859900339089	2.425128393155129	0.5122261978989436	0.47544203349121883	2.430135349875478	2.454719013326651	1.141641294562807	1.1356010403338679	1.6705473620453921	0.24177739058892384	0.32082898266749577	0.7898894420366139	0.6279713079693152	0.5838253567832801	1.4876593364904804	4.15485909490451	2.7606849065352743	0	0.005681818181818177	0.0136986301369863	6.556831070805783	-0.08809204545454548	-1.0332954545454545	-0.2949318181818182	0.534	TRUE	2.24551266781415	2.0086001717619175
Nup98	NA	NA	P52948	P52948_1..500	1	500	7.615230460921844	0.2004008016032064	0.6012024048096193	1.002004008016032	10.02004008016032	19.438877755511022	0.2004008016032064	1.2024048096192386	3.006012024048096	5.61122244488978	0.6012024048096193	7.414829659318638	5.01002004008016	5.01002004008016	0.4008016032064128	11.623246492985972	19.03807615230461	1.402805611222445	0	0.6012024048096193	0	1.0260865958190089	0.24246417986253677	0.11659805035950195	0.11550072747982618	7.1279658850250955	2.1905625377081073	0.0838454888721989	0.7346759030828813	0.4994957757963896	1.0249605209702155	0.30039947359533176	2.4223122738008445	0.4263809693752565	0.9429843177935748	0.06191072892382277	0.917596780954877	3.260374069945372	0.40810427578629965	0	0.5842251024651803	0	0.020040080160320644	3.8461538461538463	10.483502430244213	0.1203448897795591	-0.2295991983967936	-0.09523847695390782	0.238	TRUE	2.6981005456233897	2.6364878963533656
G3BP1	NA	NA	Q13283	Q13283_142..466	142	466	4.3076923076923075	0	5.230769230769231	13.230769230769232	3.076923076923077	8.615384615384615	1.5384615384615385	3.3846153846153846	3.6923076923076925	4.3076923076923075	1.5384615384615385	3.076923076923077	13.538461538461538	6.769230769230769	8.923076923076923	6.153846153846154	2.769230769230769	8.923076923076923	0.3076923076923077	0.6153846153846154	0	0.580424369100534	0	1.014462831999646	1.5251071443290034	2.188833831770783	0.970865655094613	0.6436753684188808	2.068018477959967	0.6135345036859039	0.7868543076371346	0.768714550379849	1.0051840537435521	1.1521994539819238	1.2741023803985063	1.3783233203948297	0.48581516572571204	0.47424582827934136	2.595901966990568	0.5625040005409182	0.5980068228310256	0	0.043076923076923096	1.849056603773585	4.566609534001123	-0.04993415384615386	-0.7926153846153847	-0.3408769230769231	0.545	TRUE	2.5118833609788744	2.404833716619938
Synapsin-2	NA	NA	Q92777	Q92777_421..582	421	582	7.4074074074074066	0	3.0864197530864197	3.0864197530864197	3.7037037037037033	6.172839506172839	1.2345679012345678	0.6172839506172839	4.320987654320987	7.4074074074074066	0.6172839506172839	1.8518518518518516	19.753086419753085	9.25925925925926	4.938271604938271	20.37037037037037	5.555555555555555	0.6172839506172839	0	0	0	0.9980842325802832	0	0.5985846412488834	0.35577075933600777	2.634707390094461	0.6956158243072073	0.5165296166324352	0.37716386382547096	0.7179994834801601	1.3530563491114747	0.3084348504610505	0.6049718841975081	1.6810990911071841	1.74277472066294	0.7628013267404337	1.6081381643235373	0.9514190999431231	0.17958027655852163	0	0	0	0.043209876543209874	1.8148148148148149	10.879205876874803	-0.02402345679012347	-0.5254320987654322	-0.32905555555555555	0.426	TRUE	2.2095150145426308	2.3944516808262164
